{
  "welcomeText": "Welcome to Pop Store",
  "cartNavigation": "Select a product to update quantity or scroll to view more products",
  "cartTable": {
    "qty": "QTY",
    "productName": "PRODUCT NAME",
    "price": "PRICE",
    "quantity": "QUANTITY",
    "total": "TOTAL",
    "sku": "SKU: ",
    "barcode": " Barcode: "
  },
  "tablePageReference": {
    "paymentPage": 0,
    "landingPage": 1
  },
  "landingFeatureSection": {
    "enterNo": "ENTER PHONE NUMBER TO ",
    "unlockRewards": "UNLOCK REWARDS",
    "applyCoupon": "APPLY COUPON",
    "barcodeSearch": "BARCODE SEARCH",
    "voidTransaction": "VOID TRANSACTION",
    "payNow": "PAY NOW",
    "welcome": "Welcome",
    "pointsEarned": "You will earn",
    "forThisTransaction": " points for this transaction"
  },
  "applyCoupon": {
    "couponHeader": "Enjoy Great Discounts",
    "couponTitle": "with our Coupon Codes",
    "availDiscount": "to avail discount",
    "below": " below",
    "enter": "Enter the ",
    "couponCode": "coupon code",
    "invalid": "Oops! the coupon code you applied has expired.",
    "valid": "Coupon code applied successfully!"
  },

  "scoLogin": {
    "title": "The SCO is currently locked. Please enter the store credential to unlock.",
    "invalid": "Invalid credentials, please try again!",
    "pass": "Enter Password",
    "userName": "Enter Username"
  },
  "scoUnlock": {
    "Title": "The SCO is currently locked.",
    "Unlock": "UNLOCK"
  },
  "voidTransaction": {
    "voidHeading": "Void Transaction",
    "openVoid": "VOID TRANSACTION",
    "voidConfirmation": "Are you sure you want to void this transaction?"
  },
  "unlockrewards": {
    "leftheading": "Are you an",
    "existingCustomer": "Existing Customer?",
    "phoneNumber": "Enter your phone number ",
    "toGet": "to get ",
    "rewardPoint": "reward points",
    "invalid": "User does not exist",
    "valid": "Reward points added successfully"
  },

  "barcodeSearchPopup": {
    "request": "Please enter the",
    "options": "Barcode/SKU ",
    "search": "to search",
    "barcode": "Barcode",
    "sku": "SKU",
    "valueRequest": "Please enter value to continue..."
  },
  "selfCheckout": "Please start by scanning a product barcode",
  "pageNotFound": "OOPS! Page Not Found"
}
