[
  {
    "productId​​​​​": 1,
    "productName": "Country fresh tomatoes, 500gms",
    "price": 2.5,
    "productUrl": "assets/products/tomatoes.jpg",
    "qty": 1,
    "barcode": 123456789012,
    "sku": 154397
  },
  {
    "productId​​​​​": 2,
    "productName": "Fresh Avocado, 1pc",
    "price": 0.75,
    "productUrl": "assets/products/avacado.jpg",
    "qty": 3,
    "barcode": 123456789022,
    "sku": 154390
  },
  {
    "productId​​​​​": 3,
    "productName": "Organic Grapes, 500gms",
    "price": 1.5,
    "productUrl": "assets/products/grapes.jpg",
    "qty": 1,
    "barcode": 123456789032,
    "sku": 154397
  },
  {
    "productId​​​​​": 4,
    "productName": "Alphonso Mango, 1kg",
    "price": 4.0,
    "productUrl": "assets/products/mango.jpg",
    "qty": 1,
    "barcode": 123456789042,
    "sku": 154398
  },
  {
    "productId​​​​​": 5,
    "productName": "Kiwi, 500gm",
    "price": 2.0,
    "productUrl": "assets/products/kiwi.jpg",
    "qty": 1,
    "barcode": 123456789872,
    "sku": 154399
  },
  {
    "productId​​​​​": 6,
    "productName": "Orange, 1kg",
    "price": 4.0,
    "productUrl": "assets/products/orange.jpg",
    "qty": 1,
    "barcode": 123476589042,
    "sku": 154400
  },
  {
    "productId​​​​​": 7,
    "productName": "Bananas, 1dozen",
    "price": 3.0,
    "productUrl": "assets/products/banana.jpg",
    "qty": 1,
    "barcode": 123458697042,
    "sku": 154401
  },
  {
    "productId​​​​​": 8,
    "productName": "Sweet Potato 1kg",
    "price": 5.0,
    "productUrl": "assets/products/sweet-potato.jpg",
    "qty": 1,
    "barcode": 124356789042,
    "sku": 154402
  },
  {
    "productId​​​​​": 9,
    "productName": "Carrots, 1kg",
    "price": 6.0,
    "productUrl": "assets/products/carrot.jpg",
    "qty": 1,
    "barcode": 123356789042,
    "sku": 154403
  }
]
