[
  {
    "productId​​​​​": 1,
    "productName": "Country fresh tomatoes, 500gms",
    "price": 2.5,
    "productUrl": "assets/products/tomatoes.jpg",
    "qty": 1,
    "barcode": 123456789012,
    "sku": 154397
  },
  {
    "productId​​​​​": 2,
    "productName": "Fresh Avocado, 1pc",
    "price": 0.75,
    "productUrl": "assets/products/avacado.jpg",
    "qty": 3,
    "barcode": 123456789022,
    "sku": 154390
  },
  {
    "productId​​​​​": 3,
    "productName": "Organic Grapes, 500gms",
    "price": 1.5,
    "productUrl": "assets/products/grapes.jpg",
    "qty": 1,
    "barcode": 123456789032,
    "sku": 154397
  },
  {
    "productId​​​​​": 4,
    "productName": "Alphonso Mango, 1kg",
    "price": 4.0,
    "productUrl": "assets/products/mango.jpg",
    "qty": 1,
    "barcode": 123456789042,
    "sku": 154398
  }
]
