[
  {
    "id": 1,
    "mobile": 1234567890,
    "points": 25,
    "name": "John Doe"
  },
  {
    "id": 2,
    "mobile": 8160052926,
    "points": 30,
    "name": "Parth Vaghela"
  },
  {
    "id": 3,
    "mobile": 9466980495,
    "points": 20,
    "name": "Bhanu"
  },
  {
    "id": 4,
    "mobile": 8050683900,
    "points": 10,
    "name": "Mohammad Shahrukh"
  },
  {
    "id": 5,
    "mobile": 9502475988,
    "points": 40,
    "name": "Sanjay Pottabathini"
  }
]
