[{
	"serial": "PC-02298",
	"assignedto": "",
	"name": "SAMSUNG",
	"type": "RAM",
	"status": "Allotted",
	"id": 11,
	"from": "15 April 2016"
},
{
	"serial": "Lappy-82298",
	"assignedto": "Myles Strong",
	"name": "SAMSUNG",
	"type": "RAM",
	"status": "Allotted",
	"id": 12,
	"from": "15 April 2016"
},
{
	"serial": "Mouse-32982",
	"assignedto": "Bailey Dorsey",
	"name": "SAMSUNG",
	"type": "RAM",
	"status": "Allotted",
	"id": 13,
	"from": "15 April 2019"
},
{
	"serial": "PC-9887",
	"assignedto": "Bailey Dorsey",
	"name": "SAMSUNG",
	"type": "RAM",
	"status": "Allotted",
	"id": 14,
	"from": "25 April 2017"
},
{
	"serial": "PC-022568",
	"assignedto": "",
	"name": "SAMSUNG",
	"type": "RAM",
	"status": "Allotted",
	"id": 15,
	"from": "15 April 2016"
},
{
	"serial": "AL-8983",
	"assignedto": "Myles Strong",
	"name": "SAMSUNG",
	"type": "RAM",
	"status": "Allotted",
	"id": 16,
	"from": "15 April 2016"
},
{
	"serial": "Mouse-6912382",
	"assignedto": "Araceli Holland",
	"name": "SAMSUNG",
	"type": "RAM",
	"status": "Allotted",
	"id": 17,
	"from": "25 April 2017"
},
{
	"serial": "PC-988709",
	"assignedto": "Bailey Dorsey",
	"name": "SAMSUNG",
	"type": "RAM",
	"status": "Allotted",
	"id": 18,
	"from": "2 April 2017"
},
{
	"serial": "PC-94887",
	"assignedto": "Bailey Dorsey",
	"name": "SAMSUNG",
	"type": "RAM",
	"status": "Allotted",
	"id": 19,
	"from": "08 April 2015"
},
{
	"serial": "PC-12568",
	"assignedto": "",
	"name": "SAMSUNG",
	"type": "RAM",
	"status": "Allotted",
	"id": 20,
	"from": "15 April 2016"
}
]